yaw,yaw_coverage,circle_coverage,
0,0.461279,0.668341,
0.392699,0.469752,0.668341,
0.785398,0.461983,0.668341,
1.1781,0.473869,0.668341,
1.5708,0.467529,0.668341,
1.9635,0.492802,0.668341,
2.35619,0.492213,0.668341,
2.74889,0.489635,0.668341,
3.14159,0.461279,0.668341,
3.53429,0.46975,0.668341,
3.92699,0.461983,0.668341,
4.31969,0.473875,0.668341,
4.71239,0.467529,0.668341,
5.10509,0.492796,0.668341,
5.49779,0.492213,0.668341,
5.89049,0.489631,0.668341,
