yaw,yaw_coverage,circle_coverage,
0,0.39655,0.581825,
0.392699,0.416045,0.581825,
0.785398,0.414037,0.581825,
1.1781,0.409666,0.581825,
1.5708,0.383504,0.581825,
1.9635,0.393437,0.581825,
2.35619,0.394682,0.581825,
2.74889,0.404286,0.581825,
3.14159,0.39655,0.581825,
3.53429,0.416039,0.581825,
3.92699,0.414037,0.581825,
4.31969,0.409657,0.581825,
4.71239,0.383504,0.581825,
5.10509,0.393438,0.581825,
5.49779,0.394682,0.581825,
5.89049,0.404288,0.581825,
