yaw,yaw_coverage,circle_coverage,
0,0.585696,0.670915,
0.392699,0.59247,0.670915,
0.785398,0.593078,0.670915,
1.1781,0.599666,0.670915,
1.5708,0.597465,0.670915,
1.9635,0.605131,0.670915,
2.35619,0.601795,0.670915,
2.74889,0.597628,0.670915,
3.14159,0.585696,0.670915,
3.53429,0.592464,0.670915,
3.92699,0.593078,0.670915,
4.31969,0.599668,0.670915,
4.71239,0.597465,0.670915,
5.10509,0.605134,0.670915,
5.49779,0.601795,0.670915,
5.89049,0.597626,0.670915,
